﻿<?xml version="1.0" encoding="utf-8"?>
<products>
  <product name="TYLENOL COLD MULTI-SYMPTOM DAYTIME" price="1010.81" buyer="Rachel Johnson" />
  <product name="Butalbital, Aspirin and Caffeine" price="1010.98" buyer="Nicole Martinez" />
  <product name="SEPHORA Acne-Fighting Mattifying Moisturizer" price="1019.28" buyer="Kathy Gilbert" />
  <product name="Acetaminophen, Chlorpheniramine Maleate, Dextromethorphan Hydrobromide, Phenylephrine Hydrochloride" price="1028.27" buyer="Betty Ward" />
  <product name="Aspen" price="1046.46" buyer="Patricia Fuller" />
  <product name="LBEL Couleur Luxe Rouge Amplifier XP amplifying SPF 15" price="1069.43" buyer="Gary Stevens" />
  <product name="Growing Pains" price="1077.37" buyer="Patrick King" />
  <product name="up and up temporary minor arthritis pain relief" price="1085.78" />
  <product name="Ibuprofen" price="1088.04" buyer="Fred Barnes" />
  <product name="XANTHIUM STRUMARIUM VAR CANADENSE POLLEN" price="1091.38" buyer="Sarah Day" />
  <product name="Head and Shoulders Conditioner" price="1099.59" buyer="Bonnie Fox" />
  <product name="smart sense nighttime cold and flu relief" price="1101.77" buyer="Fred Allen" />
  <product name="Lorazepam" price="1134.96" buyer="Clarence Fowler" />
  <product name="Laser Block 100" price="1135.43" buyer="Kathy Gilbert" />
  <product name="DIPYRIDAMOLE" price="1150.67" buyer="Betty Ward" />
  <product name="Flumazenil" price="1151.37" />
  <product name="Pollens - Trees, Birch Mix" price="1153.54" />
  <product name="Baza Antifungal" price="1162.34" buyer="Wanda Harris" />
  <product name="Americaine" price="1165.75" />
  <product name="leader pain reliever" price="1179.79" />
  <product name="PAMO Kill Natural" price="1181.06" />
  <product name="Benazepril Hydrochloride and Hydrochlorothiazide" price="1187.27" buyer="Clarence Fowler" />
  <product name="Nighttime Sleep Aid" price="1217.11" />
  <product name="Topical 60 Sec Sodium Fluoride" price="1228.84" buyer="Chris Mitchell" />
  <product name="Oxygen" price="1242.92" />
  <product name="Ondansetron" price="1249.76" buyer="Amanda Frazier" />
  <product name="XtraCare Foam Antibacterial Hand Wash" price="1251.97" buyer="Betty Lawson" />
  <product name="IOPE RETIGEN MOISTURE TWIN CAKE NO.21" price="1257.71" buyer="Betty Ward" />
  <product name="Topex" price="1258.49" buyer="Gloria Alexander" />
  <product name="SUMATRIPTAN SUCCINATE" price="1265.94" />
  <product name="Prednisone" price="1285.99" buyer="Christina Patterson" />
  <product name="VITALUMIERE AQUA" price="1293.09" />
  <product name="MEDI-FIRST Non-Aspirin" price="1301.28" />
  <product name="Zonisamide" price="1305.41" buyer="Amanda Frazier" />
  <product name="Ibuprofen" price="1305.96" buyer="Sandra Riley" />
  <product name="Hydralazine Hydrochloride" price="1309.72" buyer="Gary Stevens" />
  <product name="Fosphenytoin Sodium" price="1334.06" buyer="Brenda Howell" />
  <product name="Archangelica Eucalyptus" price="1334.91" />
  <product name="Labetalol Hydrochloride" price="1345.11" buyer="Betty Ward" />
  <product name="Leg Cramp Relief" price="1345.69" buyer="Brandon Fuller" />
  <product name="MEDICATED DANDRUFF" price="1351.02" buyer="Emily Parker" />
  <product name="PCA SKIN ACNE" price="1356.22" buyer="Rachel Johnson" />
  <product name="EMEND" price="1365.51" buyer="Christina Patterson" />
  <product name="Finasteride" price="1374.01" buyer="Christina Patterson" />
  <product name="Nevirapine" price="1374.72" />
  <product name="Warfarin Sodium" price="1379.79" buyer="Anna Clark" />
  <product name="Fair Foundation SPF 15" price="1394.24" buyer="Gloria Alexander" />
  <product name="Wintergreen Isopropyl Alcohol" price="1397.57" buyer="Fred Barnes" />
  <product name="Metoprolol Tartrate" price="1405.74" buyer="Arthur Reynolds" />
  <product name="Triamterene and Hydrochlorothiazide" price="1416.59" buyer="Patrick King" />
  <product name="Effervescent Cold Relief" price="1436.07" buyer="Gary Stevens" />
  <product name="Etodolac" price="1443.13" buyer="Nicole Harris" />
  <product name="Acid Reducer" price="1443.51" buyer="Betty Lawson" />
  <product name="smart sense nicotine" price="1444.12" buyer="Anna Clark" />
  <product name="Amitriptyline Hydrochloride" price="1453.96" buyer="Benjamin Henry" />
  <product name="Gilotrif" price="1454.77" buyer="Brandon Fuller" />
  <product name="Treatment Set TS336667" price="1466.47" />
  <product name="GEMCITABINE" price="1468.11" buyer="Jacqueline Perez" />
  <product name="Glycopyrrolate" price="1471.43" buyer="Brandon Fuller" />
  <product name="cough and sore throat" price="1482.68" buyer="Jacqueline Perez" />
  <product name="Etoposide" price="1483.96" buyer="Emily Parker" />
  <product name="Alcohol Free Antiseptic" price="1486.07" buyer="Joshua Murray" />
  <product name="Budpak Hemorrhoid Anesthetic" price="1499.29" buyer="Doris Cook" />
</products>